{
    "params_mean": {
        "v": 0,
        "theta[1]": 0,
        "theta[2]": 0,
        "theta[3]": 0,
        "theta[4]": 0,
        "theta[5]": 0,
        "theta[6]": 0,
        "theta[7]": 0,
        "theta[8]": 0,
        "theta[9]": 0,
        "theta[10]": 0,
        "theta[11]": 0,
        "theta[12]": 0,
        "theta[13]": 0,
        "theta[14]": 0,
        "theta[15]": 0,
        "theta[16]": 0,
        "theta[17]": 0,
        "theta[18]": 0,
        "theta[19]": 0,
        "theta[20]": 0,
        "theta[21]": 0,
        "theta[22]": 0,
        "theta[23]": 0,
        "theta[24]": 0,
        "theta[25]": 0,
        "theta[26]": 0,
        "theta[27]": 0,
        "theta[28]": 0,
        "theta[29]": 0,
        "theta[30]": 0,
        "theta[31]": 0,
        "theta[32]": 0,
        "theta[33]": 0,
        "theta[34]": 0,
        "theta[35]": 0,
        "theta[36]": 0,
        "theta[37]": 0,
        "theta[38]": 0,
        "theta[39]": 0,
        "theta[40]": 0,
        "theta[41]": 0,
        "theta[42]": 0,
        "theta[43]": 0,
        "theta[44]": 0,
        "theta[45]": 0,
        "theta[46]": 0,
        "theta[47]": 0,
        "theta[48]": 0,
        "theta[49]": 0
    },
    "params_std": {
        "v": 3,
        "theta[1]": 9.459016759123612,
        "theta[2]": 9.459016759123612,
        "theta[3]": 9.459016759123612,
        "theta[4]": 9.459016759123612,
        "theta[5]": 9.459016759123612,
        "theta[6]": 9.459016759123612,
        "theta[7]": 9.459016759123612,
        "theta[8]": 9.459016759123612,
        "theta[9]": 9.459016759123612,
        "theta[10]": 9.459016759123612,
        "theta[11]": 9.459016759123612,
        "theta[12]": 9.459016759123612,
        "theta[13]": 9.459016759123612,
        "theta[14]": 9.459016759123612,
        "theta[15]": 9.459016759123612,
        "theta[16]": 9.459016759123612,
        "theta[17]": 9.459016759123612,
        "theta[18]": 9.459016759123612,
        "theta[19]": 9.459016759123612,
        "theta[20]": 9.459016759123612,
        "theta[21]": 9.459016759123612,
        "theta[22]": 9.459016759123612,
        "theta[23]": 9.459016759123612,
        "theta[24]": 9.459016759123612,
        "theta[25]": 9.459016759123612,
        "theta[26]": 9.459016759123612,
        "theta[27]": 9.459016759123612,
        "theta[28]": 9.459016759123612,
        "theta[29]": 9.459016759123612,
        "theta[30]": 9.459016759123612,
        "theta[31]": 9.459016759123612,
        "theta[32]": 9.459016759123612,
        "theta[33]": 9.459016759123612,
        "theta[34]": 9.459016759123612,
        "theta[35]": 9.459016759123612,
        "theta[36]": 9.459016759123612,
        "theta[37]": 9.459016759123612,
        "theta[38]": 9.459016759123612,
        "theta[39]": 9.459016759123612,
        "theta[40]": 9.459016759123612,
        "theta[41]": 9.459016759123612,
        "theta[42]": 9.459016759123612,
        "theta[43]": 9.459016759123612,
        "theta[44]": 9.459016759123612,
        "theta[45]": 9.459016759123612,
        "theta[46]": 9.459016759123612,
        "theta[47]": 9.459016759123612,
        "theta[48]": 9.459016759123612,
        "theta[49]": 9.459016759123612
    },
    "params_squared_mean": {
        "v": 9,
        "theta[1]": 89.47299806270026,
        "theta[2]": 89.47299806270026,
        "theta[3]": 89.47299806270026,
        "theta[4]": 89.47299806270026,
        "theta[5]": 89.47299806270026,
        "theta[6]": 89.47299806270026,
        "theta[7]": 89.47299806270026,
        "theta[8]": 89.47299806270026,
        "theta[9]": 89.47299806270026,
        "theta[10]": 89.47299806270026,
        "theta[11]": 89.47299806270026,
        "theta[12]": 89.47299806270026,
        "theta[13]": 89.47299806270026,
        "theta[14]": 89.47299806270026,
        "theta[15]": 89.47299806270026,
        "theta[16]": 89.47299806270026,
        "theta[17]": 89.47299806270026,
        "theta[18]": 89.47299806270026,
        "theta[19]": 89.47299806270026,
        "theta[20]": 89.47299806270026,
        "theta[21]": 89.47299806270026,
        "theta[22]": 89.47299806270026,
        "theta[23]": 89.47299806270026,
        "theta[24]": 89.47299806270026,
        "theta[25]": 89.47299806270026,
        "theta[26]": 89.47299806270026,
        "theta[27]": 89.47299806270026,
        "theta[28]": 89.47299806270026,
        "theta[29]": 89.47299806270026,
        "theta[30]": 89.47299806270026,
        "theta[31]": 89.47299806270026,
        "theta[32]": 89.47299806270026,
        "theta[33]": 89.47299806270026,
        "theta[34]": 89.47299806270026,
        "theta[35]": 89.47299806270026,
        "theta[36]": 89.47299806270026,
        "theta[37]": 89.47299806270026,
        "theta[38]": 89.47299806270026,
        "theta[39]": 89.47299806270026,
        "theta[40]": 89.47299806270026,
        "theta[41]": 89.47299806270026,
        "theta[42]": 89.47299806270026,
        "theta[43]": 89.47299806270026,
        "theta[44]": 89.47299806270026,
        "theta[45]": 89.47299806270026,
        "theta[46]": 89.47299806270026,
        "theta[47]": 89.47299806270026,
        "theta[48]": 89.47299806270026,
        "theta[49]": 89.47299806270026
    },
    "params_squared_std": {
        "v": 12.727975939645052,
        "theta[1]": 7859.657267858121,
        "theta[2]": 7859.657267858121,
        "theta[3]": 7859.657267858121,
        "theta[4]": 7859.657267858121,
        "theta[5]": 7859.657267858121,
        "theta[6]": 7859.657267858121,
        "theta[7]": 7859.657267858121,
        "theta[8]": 7859.657267858121,
        "theta[9]": 7859.657267858121,
        "theta[10]": 7859.657267858121,
        "theta[11]": 7859.657267858121,
        "theta[12]": 7859.657267858121,
        "theta[13]": 7859.657267858121,
        "theta[14]": 7859.657267858121,
        "theta[15]": 7859.657267858121,
        "theta[16]": 7859.657267858121,
        "theta[17]": 7859.657267858121,
        "theta[18]": 7859.657267858121,
        "theta[19]": 7859.657267858121,
        "theta[20]": 7859.657267858121,
        "theta[21]": 7859.657267858121,
        "theta[22]": 7859.657267858121,
        "theta[23]": 7859.657267858121,
        "theta[24]": 7859.657267858121,
        "theta[25]": 7859.657267858121,
        "theta[26]": 7859.657267858121,
        "theta[27]": 7859.657267858121,
        "theta[28]": 7859.657267858121,
        "theta[29]": 7859.657267858121,
        "theta[30]": 7859.657267858121,
        "theta[31]": 7859.657267858121,
        "theta[32]": 7859.657267858121,
        "theta[33]": 7859.657267858121,
        "theta[34]": 7859.657267858121,
        "theta[35]": 7859.657267858121,
        "theta[36]": 7859.657267858121,
        "theta[37]": 7859.657267858121,
        "theta[38]": 7859.657267858121,
        "theta[39]": 7859.657267858121,
        "theta[40]": 7859.657267858121,
        "theta[41]": 7859.657267858121,
        "theta[42]": 7859.657267858121,
        "theta[43]": 7859.657267858121,
        "theta[44]": 7859.657267858121,
        "theta[45]": 7859.657267858121,
        "theta[46]": 7859.657267858121,
        "theta[47]": 7859.657267858121,
        "theta[48]": 7859.657267858121,
        "theta[49]": 7859.657267858121
    }
}