{
    "params_mean": {
        "x[1]": 1,
        "y[1]": 2.0000769318777656
    },
    "params_std": {
        "x[1]": 1,
        "y[1]": 2.451618334525328
    },
    "params_squared_mean": {
        "x[1]": 2.000079548771744,
        "y[1]": 10.01074019161031
    },
    "params_squared_std": {
        "x[1]": 2.4495738604564026,
        "y[1]": 25.776394778841293
    }
}