{
    "params_mean": {
        "v": 0,
        "theta[1]": 0,
        "theta[2]": 0,
        "theta[3]": 0,
        "theta[4]": 0,
        "theta[5]": 0,
        "theta[6]": 0,
        "theta[7]": 0,
        "theta[8]": 0,
        "theta[9]": 0
    },
    "params_std": {
        "v": 3,
        "theta[1]": 9.459016759123612,
        "theta[2]": 9.459016759123612,
        "theta[3]": 9.459016759123612,
        "theta[4]": 9.459016759123612,
        "theta[5]": 9.459016759123612,
        "theta[6]": 9.459016759123612,
        "theta[7]": 9.459016759123612,
        "theta[8]": 9.459016759123612,
        "theta[9]": 9.459016759123612
    },
    "params_squared_mean": {
        "v": 9,
        "theta[1]": 89.47299806270026,
        "theta[2]": 89.47299806270026,
        "theta[3]": 89.47299806270026,
        "theta[4]": 89.47299806270026,
        "theta[5]": 89.47299806270026,
        "theta[6]": 89.47299806270026,
        "theta[7]": 89.47299806270026,
        "theta[8]": 89.47299806270026,
        "theta[9]": 89.47299806270026
    },
    "params_squared_std": {
        "v": 12.727975939645052,
        "theta[1]": 7859.657267858121,
        "theta[2]": 7859.657267858121,
        "theta[3]": 7859.657267858121,
        "theta[4]": 7859.657267858121,
        "theta[5]": 7859.657267858121,
        "theta[6]": 7859.657267858121,
        "theta[7]": 7859.657267858121,
        "theta[8]": 7859.657267858121,
        "theta[9]": 7859.657267858121
    }
}