{"v": 9, "theta[1]": 90.3166815695327, "theta[2]": 90.3166815695327, "theta[3]": 90.3166815695327, "theta[4]": 90.3166815695327, "theta[5]": 90.3166815695327, "theta[6]": 90.3166815695327, "theta[7]": 90.3166815695327, "theta[8]": 90.3166815695327, "theta[9]": 90.3166815695327}