{
    "params_mean": {
        "v": 0,
        "theta[1]": 0,
        "theta[2]": 0,
        "theta[3]": 0,
        "theta[4]": 0,
        "theta[5]": 0,
        "theta[6]": 0,
        "theta[7]": 0,
        "theta[8]": 0,
        "theta[9]": 0,
        "theta[10]": 0,
        "theta[11]": 0,
        "theta[12]": 0,
        "theta[13]": 0,
        "theta[14]": 0,
        "theta[15]": 0,
        "theta[16]": 0,
        "theta[17]": 0,
        "theta[18]": 0,
        "theta[19]": 0,
        "theta[20]": 0,
        "theta[21]": 0,
        "theta[22]": 0,
        "theta[23]": 0,
        "theta[24]": 0,
        "theta[25]": 0,
        "theta[26]": 0,
        "theta[27]": 0,
        "theta[28]": 0,
        "theta[29]": 0
    },
    "params_std": {
        "v": 3,
        "theta[1]": 9.459016759123612,
        "theta[2]": 9.459016759123612,
        "theta[3]": 9.459016759123612,
        "theta[4]": 9.459016759123612,
        "theta[5]": 9.459016759123612,
        "theta[6]": 9.459016759123612,
        "theta[7]": 9.459016759123612,
        "theta[8]": 9.459016759123612,
        "theta[9]": 9.459016759123612,
        "theta[10]": 9.459016759123612,
        "theta[11]": 9.459016759123612,
        "theta[12]": 9.459016759123612,
        "theta[13]": 9.459016759123612,
        "theta[14]": 9.459016759123612,
        "theta[15]": 9.459016759123612,
        "theta[16]": 9.459016759123612,
        "theta[17]": 9.459016759123612,
        "theta[18]": 9.459016759123612,
        "theta[19]": 9.459016759123612,
        "theta[20]": 9.459016759123612,
        "theta[21]": 9.459016759123612,
        "theta[22]": 9.459016759123612,
        "theta[23]": 9.459016759123612,
        "theta[24]": 9.459016759123612,
        "theta[25]": 9.459016759123612,
        "theta[26]": 9.459016759123612,
        "theta[27]": 9.459016759123612,
        "theta[28]": 9.459016759123612,
        "theta[29]": 9.459016759123612
    },
    "params_squared_mean": {
        "v": 9,
        "theta[1]": 89.47299806270026,
        "theta[2]": 89.47299806270026,
        "theta[3]": 89.47299806270026,
        "theta[4]": 89.47299806270026,
        "theta[5]": 89.47299806270026,
        "theta[6]": 89.47299806270026,
        "theta[7]": 89.47299806270026,
        "theta[8]": 89.47299806270026,
        "theta[9]": 89.47299806270026,
        "theta[10]": 89.47299806270026,
        "theta[11]": 89.47299806270026,
        "theta[12]": 89.47299806270026,
        "theta[13]": 89.47299806270026,
        "theta[14]": 89.47299806270026,
        "theta[15]": 89.47299806270026,
        "theta[16]": 89.47299806270026,
        "theta[17]": 89.47299806270026,
        "theta[18]": 89.47299806270026,
        "theta[19]": 89.47299806270026,
        "theta[20]": 89.47299806270026,
        "theta[21]": 89.47299806270026,
        "theta[22]": 89.47299806270026,
        "theta[23]": 89.47299806270026,
        "theta[24]": 89.47299806270026,
        "theta[25]": 89.47299806270026,
        "theta[26]": 89.47299806270026,
        "theta[27]": 89.47299806270026,
        "theta[28]": 89.47299806270026,
        "theta[29]": 89.47299806270026
    },
    "params_squared_std": {
        "v": 12.727975939645052,
        "theta[1]": 7859.657267858121,
        "theta[2]": 7859.657267858121,
        "theta[3]": 7859.657267858121,
        "theta[4]": 7859.657267858121,
        "theta[5]": 7859.657267858121,
        "theta[6]": 7859.657267858121,
        "theta[7]": 7859.657267858121,
        "theta[8]": 7859.657267858121,
        "theta[9]": 7859.657267858121,
        "theta[10]": 7859.657267858121,
        "theta[11]": 7859.657267858121,
        "theta[12]": 7859.657267858121,
        "theta[13]": 7859.657267858121,
        "theta[14]": 7859.657267858121,
        "theta[15]": 7859.657267858121,
        "theta[16]": 7859.657267858121,
        "theta[17]": 7859.657267858121,
        "theta[18]": 7859.657267858121,
        "theta[19]": 7859.657267858121,
        "theta[20]": 7859.657267858121,
        "theta[21]": 7859.657267858121,
        "theta[22]": 7859.657267858121,
        "theta[23]": 7859.657267858121,
        "theta[24]": 7859.657267858121,
        "theta[25]": 7859.657267858121,
        "theta[26]": 7859.657267858121,
        "theta[27]": 7859.657267858121,
        "theta[28]": 7859.657267858121,
        "theta[29]": 7859.657267858121
    }
}